School,OverallG,OverallW,OverallL,OverallW-L_percent,OverallSRS,OverallSOS,Conf.W,Conf.L,PointsTm.,PointsOpp.,School TotalsFG,School TotalsFGA,School TotalsFG_percent,School Totals3P,School Totals3PA,School Totals3P_percent,School TotalsFT,School TotalsFTA,School TotalsFT_percent,School TotalsTRB,School TotalsAST,School TotalsSTL,School TotalsBLK,SchoolAdvancedFTr,SchoolAdvanced3PAr,SchoolAdvancedTS_percent,SchoolAdvancedTRB_percent,SchoolAdvancedAST_percent,SchoolAdvancedBLK_percent,SchoolAdvancedeFG_percent,SchoolAdvancedFT/FGA,season,seed
Abilene Christian,27,23,4,0.852,6.1,-8.46,13,2,2096,1634,749,1628,0.46,214,606,0.353,384,571,0.673,980,491,268,84,0.351,0.372,0.552,51.8,65.6,9.2,0.526,0.236,2021,14
Air Force,25,5,20,0.2,-13.04,0.17,3,17,1468,1798,522,1170,0.446,174,527,0.33,250,361,0.693,580,308,177,62,0.309,0.45,0.547,40.1,59,8,0.521,0.214,2021,NA
Akron,23,15,8,0.652,2.79,-1.02,12,6,1798,1660,628,1415,0.444,217,652,0.333,325,429,0.758,895,305,113,84,0.303,0.461,0.555,51.7,48.6,8.9,0.52,0.23,2021,NA
Alabama A&M,15,6,9,0.4,-19.25,-15.39,4,9,950,1008,347,868,0.4,83,286,0.29,173,276,0.627,577,165,82,54,0.318,0.329,0.475,49.8,47.6,9.1,0.448,0.199,2021,NA
Alabama-Birmingham,29,22,7,0.759,5.84,-3.79,13,5,2105,1748,788,1746,0.451,147,475,0.309,382,549,0.696,1063,308,231,121,0.314,0.272,0.524,51.7,39.1,12.1,0.493,0.219,2021,NA
Alabama State,18,4,14,0.222,-24.74,-17.41,4,14,1156,1288,383,1009,0.38,111,350,0.317,279,431,0.647,653,175,110,43,0.427,0.347,0.476,49.1,45.7,6.1,0.435,0.277,2021,NA
Alabama,30,24,6,0.8,20.16,10.36,16,2,2387,2093,834,1937,0.431,320,912,0.351,399,554,0.72,1215,426,259,131,0.286,0.471,0.542,51,51.1,10.6,0.513,0.206,2021,2
Albany (NY),16,7,9,0.438,-3.72,-4.41,6,6,1110,1099,395,883,0.447,102,303,0.337,218,301,0.724,480,187,98,29,0.341,0.343,0.541,47.9,47.3,5.1,0.505,0.247,2021,NA
Alcorn State,19,6,13,0.316,-19.97,-10.45,6,7,1256,1437,435,1107,0.393,113,376,0.301,273,376,0.726,608,177,144,30,0.34,0.34,0.488,47.8,40.7,5,0.444,0.247,2021,NA
American,10,4,6,0.4,-2.46,2.04,4,5,691,736,248,557,0.445,90,238,0.378,105,149,0.705,326,128,73,47,0.268,0.427,0.55,48.2,51.6,11.4,0.526,0.189,2021,NA
Appalachian State,28,17,11,0.607,-5.33,-5.24,7,8,1986,1806,674,1626,0.415,227,701,0.324,411,558,0.737,1007,333,225,97,0.343,0.431,0.525,50.6,49.4,9.8,0.484,0.253,2021,16
Arizona State,25,11,14,0.44,5.37,8.13,7,10,1858,1927,656,1515,0.433,179,537,0.333,367,504,0.728,797,327,182,82,0.333,0.354,0.53,44.6,49.8,8.8,0.492,0.242,2021,NA
Arizona,26,17,9,0.654,12.69,5.85,11,9,1961,1783,667,1492,0.447,174,468,0.372,453,623,0.727,997,403,152,104,0.418,0.314,0.548,55.1,60.4,11.2,0.505,0.304,2021,NA
Little Rock,26,11,15,0.423,-6.31,-5.35,7,11,1786,1782,638,1401,0.455,147,472,0.311,363,517,0.702,898,354,165,86,0.369,0.337,0.542,52.3,55.5,9.6,0.508,0.259,2021,NA
Arkansas-Pine Bluff,25,4,21,0.16,-22.9,-8.02,3,12,1549,1921,524,1356,0.386,123,400,0.308,378,523,0.723,807,240,160,95,0.386,0.295,0.483,46.7,45.8,9.9,0.432,0.279,2021,NA
Arkansas State,24,11,13,0.458,-7.96,-5.86,7,8,1741,1667,621,1390,0.447,154,402,0.383,345,478,0.722,892,347,158,68,0.344,0.289,0.538,52.5,55.9,7.1,0.502,0.248,2021,NA
Arkansas,28,22,6,0.786,18.06,6.34,13,4,2307,1979,825,1814,0.455,220,649,0.339,437,593,0.737,1119,419,226,145,0.327,0.358,0.55,52.8,50.8,13.5,0.515,0.241,2021,3
Army,21,12,9,0.571,4.67,4.77,7,7,1511,1452,563,1225,0.46,166,502,0.331,219,345,0.635,728,304,133,30,0.282,0.41,0.544,49.6,54,4.2,0.527,0.179,2021,NA
Auburn,27,13,14,0.481,10.27,9.53,7,11,2084,2064,711,1628,0.437,245,751,0.326,417,589,0.708,1063,400,168,163,0.362,0.461,0.546,52,56.3,14.8,0.512,0.256,2021,NA
Austin Peay,27,14,13,0.519,-6.29,-7.85,10,10,2007,1890,733,1617,0.453,194,573,0.339,347,462,0.751,931,357,183,54,0.286,0.354,0.546,52.1,48.7,5.9,0.513,0.215,2021,NA
Ball State,23,10,13,0.435,-1.11,-0.37,8,9,1719,1736,613,1384,0.443,195,570,0.342,298,397,0.751,848,318,126,54,0.287,0.412,0.547,49.4,51.9,6.1,0.513,0.215,2021,NA
Baylor,24,22,2,0.917,23.32,5.36,13,1,2025,1594,746,1513,0.493,248,593,0.418,285,409,0.697,875,409,215,90,0.27,0.392,0.593,53.2,54.8,10.3,0.575,0.188,2021,1
Bellarmine,20,13,7,0.65,-1.96,-6.24,10,3,1486,1307,562,1091,0.515,128,341,0.375,234,314,0.745,608,316,143,42,0.288,0.313,0.599,51.4,56.2,8.1,0.574,0.214,2021,NA
Belmont,30,26,4,0.867,3.88,-8.29,18,2,2439,2074,894,1829,0.489,271,787,0.344,380,515,0.738,1072,547,232,87,0.282,0.43,0.588,50.4,61.2,7.5,0.563,0.208,2021,NA
Binghamton,18,4,14,0.222,-11.45,-4.56,4,10,1178,1302,430,1039,0.414,156,472,0.331,162,241,0.672,642,199,90,55,0.232,0.454,0.511,50.2,46.3,8.3,0.489,0.156,2021,NA
Boise State,26,18,8,0.692,9.61,0.85,14,6,1981,1725,693,1522,0.455,199,582,0.342,396,532,0.744,929,348,172,76,0.35,0.382,0.558,52.3,50.2,7.9,0.521,0.26,2021,NA
Boston College,20,4,16,0.2,1.69,9.84,2,11,1427,1590,500,1186,0.422,180,546,0.33,247,352,0.702,666,230,143,77,0.297,0.46,0.527,47.3,46,10,0.497,0.208,2021,NA
Boston University,18,7,11,0.389,1.11,5.67,6,10,1249,1331,451,1034,0.436,125,393,0.318,222,296,0.75,634,189,97,53,0.286,0.38,0.532,51.2,41.9,7.8,0.497,0.215,2021,NA
Bowling Green State,25,14,11,0.56,1.03,-1.31,10,8,1963,1886,702,1662,0.422,207,644,0.321,352,477,0.738,957,316,181,51,0.287,0.387,0.52,49.6,45,5.5,0.485,0.212,2021,NA
Bradley,28,12,16,0.429,0.5,1.34,6,12,1948,1864,736,1636,0.45,192,603,0.318,284,393,0.723,1033,382,144,98,0.24,0.369,0.534,52.3,51.9,11,0.509,0.174,2021,NA
Brigham Young,26,20,6,0.769,14.58,5.86,10,3,2047,1780,751,1557,0.482,233,616,0.378,312,427,0.731,1024,431,123,73,0.274,0.396,0.582,54.8,57.4,7.2,0.557,0.2,2021,6
Brown,0,0,0,NA,NA,NA,0,0,NA,NA,NA,NA,NA,NA,NA,NA,NA,NA,NA,NA,NA,NA,NA,NA,NA,NA,NA,NA,NA,NA,NA,2021,NA
Bryant,21,15,6,0.714,0.99,-5.76,10,4,1761,1571,609,1300,0.468,198,515,0.384,345,456,0.757,845,327,143,75,0.351,0.396,0.581,51.5,53.7,8.7,0.545,0.265,2021,NA
Bucknell,12,5,7,0.417,-3.71,-1.29,4,6,899,928,311,683,0.455,88,267,0.33,189,248,0.762,402,144,70,42,0.363,0.391,0.561,47.6,46.3,8.1,0.52,0.277,2021,NA
Buffalo,24,16,8,0.667,7.5,-1.02,12,5,1961,1748,736,1599,0.46,168,497,0.338,321,477,0.673,1055,385,192,98,0.298,0.311,0.537,55.3,52.3,9.6,0.513,0.201,2021,NA
Butler,25,10,15,0.4,5.74,10.9,8,12,1588,1717,572,1393,0.411,179,554,0.323,265,410,0.646,807,308,139,51,0.294,0.398,0.5,48.8,53.8,6,0.475,0.19,2021,NA
Cal Poly,24,4,20,0.167,-14.98,-2.94,1,15,1477,1700,520,1316,0.395,157,491,0.32,280,388,0.722,778,299,149,84,0.295,0.373,0.492,46.4,57.5,9.3,0.455,0.213,2021,NA
Cal State Bakersfield,26,15,11,0.577,-1.7,-3.95,11,7,1811,1665,684,1531,0.447,146,414,0.353,297,416,0.714,959,365,167,78,0.272,0.27,0.524,56.2,53.4,10.1,0.494,0.194,2021,NA
Cal State Fullerton,16,6,10,0.375,-7.84,-4.57,5,9,1232,1257,430,951,0.452,131,341,0.384,241,326,0.739,526,218,107,32,0.343,0.359,0.557,47.6,50.7,5,0.521,0.253,2021,NA
Cal State Northridge,22,9,13,0.409,-10.2,-3.48,5,9,1586,1709,560,1323,0.423,170,503,0.338,296,407,0.727,730,293,140,47,0.308,0.38,0.523,47,52.3,6.1,0.488,0.224,2021,NA
California Baptist,23,13,10,0.565,-6.42,-6.21,6,6,1820,1674,634,1334,0.475,215,547,0.393,337,457,0.737,853,403,116,57,0.343,0.41,0.587,53.1,63.6,6.3,0.556,0.253,2021,NA
UC-Davis,18,10,8,0.556,-7.27,-5.68,7,5,1295,1289,449,1020,0.44,102,315,0.324,295,376,0.785,571,195,135,50,0.369,0.309,0.54,48.9,43.4,8,0.49,0.289,2021,NA
UC-Irvine,27,18,9,0.667,1.96,-2.36,13,4,1950,1712,729,1615,0.451,132,390,0.338,360,474,0.759,1069,319,204,108,0.293,0.241,0.53,55.4,43.8,11.6,0.492,0.223,2021,NA
UC-Riverside,22,14,8,0.636,2.55,-4,10,5,1544,1400,572,1280,0.447,201,542,0.371,199,282,0.706,799,308,116,51,0.22,0.423,0.546,52.5,53.8,6.2,0.525,0.155,2021,NA
UC-San Diego,17,7,10,0.412,-8.51,-0.58,4,10,1214,1226,447,973,0.459,188,500,0.376,132,207,0.638,501,294,116,37,0.213,0.514,0.567,43.8,65.8,5.4,0.556,0.136,2021,NA
UC-Santa Barbara,26,22,4,0.846,6.02,-4.31,15,3,1989,1633,717,1477,0.485,176,501,0.351,379,505,0.75,915,423,197,72,0.342,0.339,0.579,54.2,59,7.4,0.545,0.257,2021,12
University of California,29,9,20,0.31,2.48,7.34,3,17,1897,2008,661,1536,0.43,204,622,0.328,371,532,0.697,917,346,126,65,0.346,0.405,0.53,49.4,52.3,6.2,0.497,0.242,2021,NA
Campbell,27,17,10,0.63,-6.29,-6.81,11,6,1917,1840,699,1409,0.496,195,520,0.375,324,478,0.678,767,387,165,61,0.339,0.369,0.586,46.2,55.4,6.7,0.565,0.23,2021,NA
Canisius,13,7,6,0.538,-7.87,-7.1,7,5,915,925,321,786,0.408,97,327,0.297,176,248,0.71,450,165,73,46,0.316,0.416,0.506,48.6,51.4,8.9,0.47,0.224,2021,NA
Central Arkansas,24,5,19,0.208,-15.04,-2.17,4,12,1701,1933,606,1388,0.437,170,468,0.363,319,445,0.717,889,322,121,64,0.321,0.337,0.532,51.1,53.1,6.8,0.498,0.23,2021,NA
Central Connecticut State,21,5,16,0.238,-13.08,-4.22,5,13,1439,1625,522,1230,0.424,150,463,0.324,245,349,0.702,664,270,145,54,0.284,0.376,0.515,44.7,51.7,7.1,0.485,0.199,2021,NA
Central Florida,23,11,12,0.478,6.02,8.24,8,10,1546,1597,542,1262,0.429,180,507,0.355,282,387,0.729,765,285,157,79,0.307,0.402,0.535,48.9,52.6,9.8,0.501,0.223,2021,NA
Central Michigan,23,7,16,0.304,-11.56,-3.41,3,13,1766,1835,631,1417,0.445,152,462,0.329,352,523,0.673,833,246,188,67,0.369,0.326,0.53,48.3,39,7.6,0.499,0.248,2021,NA
Charleston Southern,21,3,18,0.143,-16.18,-5.68,2,15,1375,1550,480,1182,0.406,160,506,0.316,255,357,0.714,778,217,129,80,0.302,0.428,0.509,49.5,45.2,10.2,0.474,0.216,2021,NA
Charlotte,25,9,16,0.36,-5.38,-2.13,5,11,1587,1668,545,1261,0.432,143,441,0.324,354,484,0.731,778,282,136,73,0.384,0.35,0.532,49.4,51.7,8.6,0.489,0.281,2021,NA
Chattanooga,26,18,8,0.692,-1.13,-2.5,9,7,1888,1801,667,1522,0.438,218,607,0.359,336,429,0.783,881,319,178,48,0.282,0.399,0.547,49.3,47.8,4.9,0.51,0.221,2021,NA
Chicago State,9,0,9,0,-31.29,1.94,0,0,499,798,180,497,0.362,51,203,0.251,88,126,0.698,234,89,49,13,0.254,0.408,0.448,38,49.4,3.7,0.413,0.177,2021,NA
Cincinnati,23,12,11,0.522,4.21,7.42,8,6,1585,1659,566,1339,0.423,163,524,0.311,290,442,0.656,832,344,155,87,0.33,0.391,0.512,51.1,60.8,10.3,0.484,0.217,2021,NA
Citadel,25,13,12,0.52,-5.61,-0.99,5,11,2019,1959,708,1566,0.452,256,720,0.356,347,495,0.701,944,389,136,108,0.316,0.46,0.56,50.3,54.9,10.2,0.534,0.222,2021,NA
Clemson,23,16,7,0.696,13.5,10.19,10,6,1502,1426,541,1264,0.428,192,555,0.346,228,298,0.765,751,305,140,66,0.236,0.439,0.534,50.1,56.4,9.2,0.504,0.18,2021,7
Cleveland State,26,19,7,0.731,-4.09,-4.97,16,4,1858,1835,684,1514,0.452,166,520,0.319,324,484,0.669,910,363,182,65,0.32,0.343,0.533,49.8,53.1,7.7,0.507,0.214,2021,15
Coastal Carolina,23,16,7,0.696,-2.17,-8.17,9,5,1836,1535,652,1419,0.459,202,559,0.361,330,452,0.73,1005,356,195,96,0.319,0.394,0.562,56.7,54.6,12.7,0.531,0.233,2021,NA
Colgate,15,14,1,0.933,19.16,1.43,11,1,1295,1029,472,946,0.499,136,338,0.402,215,294,0.731,596,262,108,52,0.311,0.357,0.596,53.3,55.5,8.7,0.571,0.227,2021,14
College of Charleston,19,9,10,0.474,-4.12,-2.3,6,4,1341,1329,481,1066,0.451,158,422,0.374,221,311,0.711,623,201,100,53,0.292,0.396,0.552,49.4,41.8,8.4,0.525,0.207,2021,NA
Colorado State,24,18,6,0.75,8.59,-0.45,14,4,1791,1571,615,1304,0.472,205,569,0.36,356,451,0.789,843,348,132,61,0.346,0.436,0.59,51.6,56.6,7.9,0.55,0.273,2021,NA
Colorado,30,22,8,0.733,16.76,6.99,14,6,2191,1898,774,1703,0.454,224,611,0.367,419,510,0.822,1050,397,159,83,0.299,0.359,0.563,53.2,51.3,7.8,0.52,0.246,2021,5
Columbia,0,0,0,NA,NA,NA,0,0,NA,NA,NA,NA,NA,NA,NA,NA,NA,NA,NA,NA,NA,NA,NA,NA,NA,NA,NA,NA,NA,NA,NA,2021,NA
Connecticut,22,15,7,0.682,17.13,9.22,11,6,1596,1422,581,1323,0.439,148,440,0.336,286,391,0.731,839,287,136,116,0.296,0.333,0.529,53.4,49.4,14.4,0.495,0.216,2021,7
Coppin State,22,9,13,0.409,-11.3,-4.99,8,4,1602,1741,529,1287,0.411,193,636,0.303,351,564,0.622,796,286,188,71,0.438,0.494,0.515,43.7,54.1,8,0.486,0.273,2021,NA
Cornell,0,0,0,NA,NA,NA,0,0,NA,NA,NA,NA,NA,NA,NA,NA,NA,NA,NA,NA,NA,NA,NA,NA,NA,NA,NA,NA,NA,NA,NA,2021,NA
Creighton,28,20,8,0.714,17.59,8.91,14,6,2155,1912,797,1675,0.476,272,742,0.367,289,450,0.642,1011,445,198,99,0.269,0.443,0.57,49.7,55.8,9.5,0.557,0.173,2021,5
Dartmouth,0,0,0,NA,NA,NA,0,0,NA,NA,NA,NA,NA,NA,NA,NA,NA,NA,NA,NA,NA,NA,NA,NA,NA,NA,NA,NA,NA,NA,NA,2021,NA
Davidson,21,13,8,0.619,10.59,3.99,7,4,1518,1336,550,1162,0.473,209,570,0.367,209,305,0.685,734,318,108,54,0.262,0.491,0.581,53.8,57.8,8.2,0.563,0.18,2021,NA
Dayton,23,14,9,0.609,7.4,4.88,9,7,1614,1556,567,1189,0.477,185,495,0.374,295,410,0.72,766,316,103,45,0.345,0.416,0.583,50.5,55.7,5.3,0.555,0.248,2021,NA
Delaware State,19,3,16,0.158,-23.02,-5.25,1,11,1345,1629,468,1183,0.396,152,492,0.309,257,357,0.72,678,216,123,69,0.302,0.416,0.497,46.5,46.2,9.4,0.46,0.217,2021,NA
Delaware,15,7,8,0.467,-4.27,-4.12,5,4,1013,1012,347,793,0.438,107,321,0.333,212,297,0.714,526,188,69,54,0.375,0.405,0.542,51.6,54.2,9.6,0.505,0.267,2021,NA
Denver,21,2,19,0.095,-17.21,-6.61,1,13,1466,1662,519,1172,0.443,141,403,0.35,287,398,0.721,636,251,120,54,0.34,0.344,0.539,46.8,48.4,7.5,0.503,0.245,2021,NA
DePaul,19,5,14,0.263,3.63,9.79,2,13,1250,1367,481,1154,0.417,103,327,0.315,185,273,0.678,717,217,130,74,0.237,0.283,0.487,50.1,45.1,11,0.461,0.16,2021,NA
Detroit Mercy,22,12,10,0.545,-2.77,-5.31,10,6,1683,1627,598,1290,0.464,225,575,0.391,262,326,0.804,719,315,150,54,0.253,0.446,0.582,49.1,52.7,7.2,0.551,0.203,2021,NA
Dixie State,21,8,13,0.381,-14.97,-4.4,4,10,1461,1603,514,1227,0.419,128,418,0.306,305,427,0.714,740,321,143,43,0.348,0.341,0.511,47,62.5,5.3,0.471,0.249,2021,NA
Drake,29,25,4,0.862,9.55,-1.63,15,3,2245,1875,868,1757,0.494,204,552,0.37,305,428,0.713,1043,399,207,86,0.244,0.314,0.573,53.8,46,8.4,0.552,0.174,2021,11
Drexel,19,12,7,0.632,0.23,-4.41,4,5,1358,1270,495,1038,0.477,138,371,0.372,230,296,0.777,645,288,89,45,0.285,0.357,0.576,53.7,58.2,6.5,0.543,0.222,2021,16
Duke,24,13,11,0.542,14.04,9.33,9,9,1824,1711,692,1479,0.468,201,571,0.352,239,346,0.691,851,387,197,109,0.234,0.386,0.555,51.3,55.9,11.8,0.536,0.162,2021,NA
Duquesne,18,9,9,0.5,3.36,3.53,7,7,1205,1208,438,1040,0.421,115,385,0.299,214,329,0.65,654,241,121,80,0.316,0.37,0.504,50.2,55,13,0.476,0.206,2021,NA
East Carolina,19,8,11,0.421,1.12,3.95,2,10,1269,1291,449,1094,0.41,109,359,0.304,262,362,0.724,653,303,117,59,0.331,0.328,0.501,49,67.5,9.9,0.46,0.239,2021,NA
East Tennessee State,25,13,12,0.52,2.05,0.7,8,7,1736,1654,620,1416,0.438,201,575,0.35,295,423,0.697,897,295,184,63,0.299,0.406,0.537,52.2,47.6,8.4,0.509,0.208,2021,NA
Eastern Illinois,27,9,18,0.333,-12.27,-6.75,6,14,1874,2023,707,1623,0.436,186,574,0.324,274,417,0.657,944,360,193,88,0.257,0.354,0.515,48.9,50.9,8.8,0.493,0.169,2021,NA
Eastern Kentucky,29,22,7,0.759,-2.23,-7.79,15,5,2372,2137,871,1946,0.448,279,778,0.359,351,497,0.706,1033,461,299,103,0.255,0.4,0.544,47.5,52.9,9.2,0.519,0.18,2021,NA
Eastern Michigan,18,6,12,0.333,-13.33,-0.33,3,11,1267,1362,448,1077,0.416,128,411,0.311,243,326,0.745,594,198,160,42,0.303,0.382,0.514,46.7,44.2,7,0.475,0.226,2021,NA
Eastern Washington,23,16,7,0.696,2.46,-5.45,12,3,1795,1597,638,1367,0.467,194,548,0.354,325,413,0.787,815,347,113,66,0.302,0.401,0.574,50.7,54.4,7.3,0.538,0.238,2021,14
Elon,19,10,9,0.526,-4.5,-3.61,4,7,1249,1235,449,1084,0.414,154,473,0.326,197,266,0.741,652,206,108,39,0.245,0.436,0.516,50.7,45.9,6.7,0.485,0.182,2021,NA
Evansville,25,9,16,0.36,-4.7,0.14,7,11,1619,1740,571,1299,0.44,240,637,0.377,237,330,0.718,670,291,122,56,0.254,0.49,0.556,45.6,51,6.3,0.532,0.182,2021,NA
Fairfield,27,10,17,0.37,-10.73,-5.84,7,11,1668,1800,580,1456,0.398,163,517,0.315,345,496,0.696,949,271,125,62,0.341,0.355,0.493,50.6,46.7,6.1,0.454,0.237,2021,NA
Fairleigh Dickinson,24,9,15,0.375,-8.4,-4.69,8,10,1801,1890,645,1432,0.45,194,517,0.375,317,445,0.712,813,287,182,93,0.311,0.361,0.548,47.8,44.5,10.4,0.518,0.221,2021,NA
Florida A&M,20,8,12,0.4,-11.96,-9.16,7,5,1314,1370,500,1126,0.444,95,303,0.314,219,336,0.652,705,265,130,50,0.298,0.269,0.511,49.9,53,6.8,0.486,0.194,2021,NA
Florida Atlantic,23,13,10,0.565,-1.88,-4.77,7,5,1796,1537,652,1409,0.463,223,587,0.38,269,407,0.661,929,335,175,63,0.289,0.417,0.56,55.4,51.4,7.7,0.542,0.191,2021,NA
Florida Gulf Coast,18,10,8,0.556,-9.47,-6.97,4,4,1292,1242,483,1126,0.429,146,499,0.293,180,271,0.664,700,246,134,77,0.241,0.443,0.515,50.9,50.9,11.2,0.494,0.16,2021,NA
Florida International,26,9,17,0.346,-10.99,-3.04,2,15,1914,1985,690,1604,0.43,273,816,0.335,261,392,0.666,847,388,219,105,0.244,0.509,0.535,46,56.2,10,0.515,0.163,2021,NA
Florida State,22,16,6,0.727,17.98,9.39,11,4,1736,1547,620,1307,0.474,181,464,0.39,315,427,0.738,822,322,163,113,0.327,0.355,0.575,53.2,51.9,14.6,0.544,0.241,2021,4
Florida,23,14,9,0.609,14.89,10.76,9,7,1701,1606,605,1303,0.464,157,440,0.357,334,441,0.757,809,272,168,125,0.338,0.338,0.562,50.8,45,14.4,0.525,0.256,2021,7
Fordham,14,2,12,0.143,-10.52,4.26,2,11,725,932,257,716,0.359,79,294,0.269,132,197,0.67,415,153,87,28,0.275,0.411,0.448,43.5,59.5,7,0.414,0.184,2021,NA
Fresno State,24,12,12,0.5,-3.5,0.14,9,11,1591,1618,552,1289,0.428,164,499,0.329,323,485,0.666,853,249,158,70,0.376,0.387,0.524,52.4,45.1,8.7,0.492,0.251,2021,NA
Furman,25,16,9,0.64,6.46,-1.22,10,5,1990,1723,730,1499,0.487,242,708,0.342,288,398,0.724,879,416,205,84,0.266,0.472,0.589,51.6,57,9.5,0.568,0.192,2021,NA
Gardner-Webb,26,11,15,0.423,-3.31,-5.58,10,10,1837,1778,651,1465,0.444,232,643,0.361,303,439,0.69,895,339,153,125,0.3,0.439,0.549,49.5,52.1,14.7,0.524,0.207,2021,NA
George Mason,22,13,9,0.591,2.93,1.5,8,6,1569,1538,578,1347,0.429,160,487,0.329,253,394,0.642,834,287,159,94,0.293,0.362,0.511,51.9,49.7,11.5,0.488,0.188,2021,NA
George Washington,17,5,12,0.294,-4.62,-0.44,3,5,1158,1229,411,928,0.443,102,315,0.324,234,335,0.699,582,194,107,46,0.361,0.339,0.533,49.3,47.2,7,0.498,0.252,2021,NA
Georgetown,25,13,12,0.52,11.73,11.05,7,9,1784,1767,621,1463,0.424,208,568,0.366,334,443,0.754,1005,321,148,97,0.303,0.388,0.533,53.4,51.7,10.4,0.496,0.228,2021,12
Georgia Southern,26,13,13,0.5,-9.75,-5.79,7,9,1860,1762,686,1536,0.447,194,608,0.319,294,463,0.635,964,322,210,101,0.301,0.396,0.53,51.9,46.9,11.3,0.51,0.191,2021,NA
Georgia State,22,16,6,0.727,-1.23,-4.13,8,4,1767,1599,649,1386,0.468,178,497,0.358,291,425,0.685,826,369,157,97,0.307,0.359,0.556,50.4,56.9,12.2,0.532,0.21,2021,NA
Georgia Tech,25,17,8,0.68,14.06,8.54,11,6,1888,1750,695,1467,0.474,189,542,0.349,309,425,0.727,770,401,230,85,0.29,0.369,0.566,47.2,57.7,9.3,0.538,0.211,2021,9
Georgia,26,14,12,0.538,7.02,8.42,7,11,2014,2027,734,1603,0.458,165,509,0.324,381,553,0.689,973,389,220,64,0.345,0.318,0.54,50.8,53,6.3,0.509,0.238,2021,NA
Gonzaga,26,26,0,1,26.43,3.43,15,0,2395,1797,888,1612,0.551,190,520,0.365,429,590,0.727,986,476,216,74,0.366,0.323,0.633,55.3,53.6,7.1,0.61,0.266,2021,1
Grambling,24,12,12,0.5,-14.78,-13,9,6,1617,1649,562,1313,0.428,125,377,0.332,368,553,0.665,827,337,195,73,0.421,0.287,0.513,48.5,60,8.4,0.476,0.28,2021,NA
Grand Canyon,23,17,6,0.739,3.83,-5.78,9,3,1738,1405,646,1314,0.492,156,470,0.332,290,423,0.686,921,371,112,68,0.322,0.358,0.574,57,57.4,9,0.551,0.221,2021,15
Green Bay,25,8,17,0.32,-9.32,-4.4,8,12,1790,1913,656,1507,0.435,170,511,0.333,308,411,0.749,817,352,138,90,0.273,0.339,0.526,47.6,53.7,9.3,0.492,0.204,2021,NA
Hampton,25,11,14,0.44,-13.05,-8.65,9,9,1721,1831,619,1437,0.431,185,557,0.332,298,411,0.725,844,292,152,149,0.286,0.388,0.527,46,47.2,16.1,0.495,0.207,2021,NA
Hartford,23,15,8,0.652,-2.76,-5.37,8,6,1515,1455,543,1251,0.434,174,532,0.327,255,358,0.712,763,253,161,47,0.286,0.425,0.533,48.9,46.6,6.1,0.504,0.204,2021,16
Harvard,0,0,0,NA,NA,NA,0,0,NA,NA,NA,NA,NA,NA,NA,NA,NA,NA,NA,NA,NA,NA,NA,NA,NA,NA,NA,NA,NA,NA,NA,2021,NA
Hawaii,21,11,10,0.524,-4.48,-4.22,9,9,1503,1452,534,1208,0.442,164,456,0.36,271,376,0.721,752,246,119,32,0.311,0.377,0.542,52.7,46.1,3.8,0.51,0.224,2021,NA
High Point,24,9,15,0.375,-10.19,-6.98,6,11,1600,1677,564,1357,0.416,115,396,0.29,357,520,0.687,851,292,158,90,0.383,0.292,0.499,51,51.8,12.5,0.458,0.263,2021,NA
Hofstra,23,13,10,0.565,-1.85,-2.02,8,6,1683,1679,595,1342,0.443,174,527,0.33,319,445,0.717,816,293,152,68,0.332,0.393,0.542,50,49.2,7.9,0.508,0.238,2021,NA
Holy Cross,16,5,11,0.313,-0.17,5.27,5,11,1130,1217,423,951,0.445,111,314,0.354,173,248,0.698,522,193,110,63,0.261,0.33,0.529,47.1,45.6,10.1,0.503,0.182,2021,NA
Houston Baptist,25,6,19,0.24,-16.94,-5.94,4,11,1776,2007,635,1485,0.428,202,588,0.344,304,415,0.733,849,354,176,92,0.279,0.396,0.528,47.1,55.7,9.5,0.496,0.205,2021,NA
Houston,27,24,3,0.889,22.14,4.14,14,3,2096,1562,739,1664,0.444,252,699,0.361,366,494,0.741,1110,381,221,126,0.297,0.42,0.552,56.2,51.6,14.6,0.52,0.22,2021,2
Howard,5,1,4,0.2,-13.8,-2.05,0,0,363,424,123,283,0.435,38,123,0.309,79,110,0.718,177,74,26,25,0.389,0.435,0.541,47.2,60.2,12.8,0.502,0.279,2021,NA
Idaho State,24,13,11,0.542,-9.8,-7.11,8,6,1637,1481,559,1261,0.443,166,499,0.333,353,496,0.712,861,273,108,83,0.393,0.396,0.547,54.7,48.8,9.3,0.509,0.28,2021,NA
Idaho,22,1,21,0.045,-19.79,-4.38,1,17,1343,1682,489,1133,0.432,122,358,0.341,243,335,0.725,657,266,109,43,0.296,0.316,0.52,46.6,54.4,5.5,0.485,0.214,2021,NA
Illinois-Chicago,22,9,13,0.409,-11.31,-6.67,6,10,1489,1591,558,1301,0.429,178,544,0.327,195,296,0.659,766,297,81,68,0.228,0.418,0.516,48.4,53.2,7,0.497,0.15,2021,NA
Illinois State,25,7,18,0.28,-5.21,0.62,4,14,1799,1870,679,1477,0.46,195,566,0.345,246,372,0.661,881,345,150,84,0.252,0.383,0.544,49.5,50.8,9.3,0.526,0.167,2021,NA
Illinois,29,23,6,0.793,24.84,12.67,16,4,2361,2008,851,1707,0.499,197,524,0.376,462,669,0.691,1172,473,166,82,0.392,0.307,0.583,57.1,55.6,7,0.556,0.271,2021,1
Incarnate Word,22,8,14,0.364,-16.09,-8.51,5,9,1495,1578,524,1179,0.444,168,450,0.373,279,397,0.703,686,269,118,40,0.337,0.382,0.547,47.1,51.3,4.7,0.516,0.237,2021,NA
Indiana State,25,15,10,0.6,2.25,2.13,11,7,1662,1645,580,1338,0.433,149,446,0.334,353,481,0.734,796,267,164,73,0.359,0.333,0.53,48.9,46,8.7,0.489,0.264,2021,NA
Indiana,27,12,15,0.444,13.85,13.51,7,12,1882,1873,654,1510,0.433,158,488,0.324,416,626,0.665,933,376,155,101,0.415,0.323,0.521,49,57.5,10.5,0.485,0.275,2021,NA
Iona,17,12,5,0.706,-0.87,-7.17,6,3,1228,1121,423,951,0.445,127,358,0.355,255,343,0.743,637,237,116,67,0.361,0.376,0.551,54.4,56,11.9,0.512,0.268,2021,15
Iowa State,24,2,22,0.083,-0.54,10.59,0,18,1574,1841,591,1413,0.418,175,546,0.321,217,277,0.783,758,278,156,75,0.196,0.386,0.51,45.4,47,8.1,0.48,0.154,2021,NA
Iowa,29,21,8,0.724,23.21,11.38,14,6,2429,2086,863,1839,0.469,283,733,0.386,420,589,0.713,1164,555,162,131,0.32,0.399,0.573,52,64.3,11.6,0.546,0.228,2021,2
Purdue-Fort Wayne,23,8,15,0.348,-11.32,-7.8,6,14,1728,1809,631,1259,0.501,204,510,0.4,262,380,0.689,721,328,156,64,0.302,0.405,0.6,49.3,52,7.5,0.582,0.208,2021,NA
IUPUI,18,8,10,0.444,-10.82,-6.21,7,9,1281,1364,452,1069,0.423,143,416,0.344,234,326,0.718,608,239,124,40,0.305,0.389,0.523,48.6,52.9,5.9,0.49,0.219,2021,NA
Jackson State,18,12,6,0.667,-11.55,-14.33,11,0,1181,1131,397,1002,0.396,100,294,0.34,287,422,0.68,661,190,147,59,0.421,0.293,0.491,51.2,47.9,8.4,0.446,0.286,2021,NA
Jacksonville State,27,18,9,0.667,-2.61,-5.65,13,6,2005,1851,723,1568,0.461,219,616,0.356,340,496,0.685,1048,383,135,94,0.316,0.393,0.556,53.4,53,9.8,0.531,0.217,2021,NA
Jacksonville,24,11,13,0.458,-10.95,-6.55,5,9,1622,1668,577,1320,0.437,170,526,0.323,298,449,0.664,800,269,164,63,0.34,0.398,0.529,48,46.6,7.4,0.502,0.226,2021,NA
James Madison,20,13,7,0.65,0.73,-2.33,8,2,1562,1409,543,1201,0.452,166,486,0.342,310,464,0.668,747,276,149,40,0.386,0.405,0.549,50.2,50.8,6.4,0.521,0.258,2021,NA
Kansas State,29,9,20,0.31,0.8,9.09,4,14,1792,2037,649,1577,0.412,191,645,0.296,303,456,0.664,953,377,161,44,0.289,0.409,0.5,49.9,58.1,4.7,0.472,0.192,2021,NA
Kansas,28,20,8,0.714,16.6,10.26,12,6,2047,1841,737,1676,0.44,209,608,0.344,364,511,0.712,1064,383,192,114,0.305,0.363,0.533,52.5,52,11.2,0.502,0.217,2021,3
Kennesaw State,24,5,19,0.208,-13.93,-3.46,1,13,1571,1672,571,1359,0.42,164,526,0.312,265,402,0.659,815,260,138,60,0.296,0.387,0.507,50,45.5,6.7,0.481,0.195,2021,NA
Kent State,23,15,8,0.652,2.63,-1,12,6,1764,1635,635,1432,0.443,185,567,0.326,309,397,0.778,900,330,156,76,0.277,0.396,0.544,53.7,52,9.1,0.508,0.216,2021,NA
Kentucky,25,9,16,0.36,12.41,12.13,8,9,1761,1754,615,1476,0.417,160,476,0.336,371,509,0.729,951,312,157,148,0.345,0.322,0.513,51.2,50.7,14.9,0.471,0.251,2021,NA
La Salle,25,9,16,0.36,-2.34,4.08,6,11,1702,1838,633,1453,0.436,195,573,0.34,241,352,0.685,829,318,186,83,0.242,0.394,0.525,48.5,50.2,9.4,0.503,0.166,2021,NA
Lafayette,15,9,6,0.6,-1.24,-2.24,9,5,1165,1150,405,928,0.436,129,358,0.36,226,281,0.804,525,243,94,51,0.303,0.386,0.549,47.3,60,7.9,0.506,0.244,2021,NA
Lamar,28,10,18,0.357,-13.24,-6.71,7,10,1843,2026,670,1608,0.417,139,445,0.312,364,496,0.734,967,332,200,118,0.308,0.277,0.5,48.4,49.6,11.1,0.46,0.226,2021,NA
Lehigh,15,4,11,0.267,-8.72,-0.45,4,10,1025,1149,388,901,0.431,73,231,0.316,176,251,0.701,521,191,90,32,0.279,0.256,0.502,49.4,49.2,5.6,0.471,0.195,2021,NA
Liberty,28,23,5,0.821,4.3,-6.7,11,2,2097,1670,761,1548,0.492,289,740,0.391,286,368,0.777,934,446,128,64,0.238,0.478,0.609,53,58.6,6.7,0.585,0.185,2021,13
Lipscomb,27,15,12,0.556,-6.92,-5.49,9,6,1922,1848,687,1493,0.46,200,569,0.351,348,503,0.692,918,364,167,53,0.337,0.381,0.555,49.6,53,5.8,0.527,0.233,2021,NA
Cal State Long Beach,18,6,12,0.333,-9.9,-4.23,4,8,1328,1430,466,1047,0.445,127,354,0.359,269,395,0.681,630,210,112,52,0.377,0.338,0.538,46.9,45.1,7.2,0.506,0.257,2021,NA
Long Island University,18,9,9,0.5,-5.74,-6.8,9,9,1332,1313,479,1155,0.415,134,467,0.287,240,360,0.667,705,293,152,69,0.312,0.404,0.502,51.1,61.2,9.7,0.473,0.208,2021,NA
Longwood,28,12,16,0.429,-7.34,-6.27,10,10,1854,1886,662,1527,0.434,200,579,0.345,330,481,0.686,929,295,173,50,0.315,0.379,0.528,50.1,44.6,6.1,0.499,0.216,2021,NA
Louisiana,26,17,9,0.654,-4.89,-5.56,10,7,1934,1892,713,1607,0.444,185,532,0.348,323,463,0.698,1027,332,145,122,0.288,0.331,0.529,53.5,46.6,11,0.501,0.201,2021,NA
Louisiana-Monroe,26,7,19,0.269,-10.64,-5.95,5,13,1670,1792,609,1464,0.416,194,571,0.34,258,367,0.703,791,355,193,74,0.251,0.39,0.51,44.9,58.3,8.1,0.482,0.176,2021,NA
Louisiana State,27,18,9,0.667,15.66,8.88,11,6,2217,2034,784,1692,0.463,220,628,0.35,429,575,0.746,1034,332,218,75,0.34,0.371,0.564,50.1,42.3,7.8,0.528,0.254,2021,8
Louisiana Tech,28,21,7,0.75,6.47,-1.53,12,4,2059,1810,731,1640,0.446,209,612,0.342,388,566,0.686,1092,351,181,77,0.345,0.373,0.539,52.8,48,7.6,0.509,0.237,2021,NA
Louisville,20,13,7,0.65,11.19,9.74,8,5,1359,1330,494,1146,0.431,107,347,0.308,264,368,0.717,764,221,96,37,0.321,0.303,0.514,53.3,44.7,5.5,0.478,0.23,2021,NA
Loyola (IL),28,24,4,0.857,14.6,-0.09,16,2,2002,1555,735,1456,0.505,201,546,0.368,331,458,0.723,914,442,194,67,0.315,0.375,0.598,54.1,60.1,7,0.574,0.227,2021,8
Loyola Marymount,22,13,9,0.591,4.58,3.08,7,5,1529,1496,525,1147,0.458,135,400,0.338,344,474,0.726,772,280,103,58,0.413,0.349,0.557,56.3,53.3,7.7,0.517,0.3,2021,NA
Loyola (MD),17,6,11,0.353,1.73,0.56,4,10,1226,1206,461,992,0.465,92,301,0.306,212,351,0.604,639,221,116,54,0.354,0.303,0.529,52.7,47.9,8.7,0.511,0.214,2021,NA
Maine,9,2,7,0.222,-14.87,-3.43,2,6,478,581,172,452,0.381,64,203,0.315,70,123,0.569,281,108,51,40,0.272,0.449,0.468,46.8,62.8,13.5,0.451,0.155,2021,NA
Manhattan,20,7,13,0.35,-11.5,-7.65,6,12,1268,1345,439,1165,0.377,115,435,0.264,275,413,0.666,724,237,154,74,0.355,0.373,0.466,49.5,54,10.6,0.426,0.236,2021,NA
Marist,21,12,9,0.571,-8.26,-8.07,10,8,1332,1336,475,1113,0.427,142,458,0.31,240,351,0.684,736,229,114,84,0.315,0.412,0.52,50.3,48.2,12.4,0.491,0.216,2021,NA
Marquette,27,13,14,0.481,9.27,9.35,8,11,1883,1885,661,1484,0.445,179,555,0.323,382,520,0.735,979,333,137,100,0.35,0.374,0.544,51.7,50.4,9.9,0.506,0.257,2021,NA
Marshall,22,15,7,0.682,5.99,-1.37,9,5,1758,1596,656,1382,0.475,204,567,0.36,242,334,0.725,778,349,172,114,0.242,0.41,0.571,48.7,53.2,13.2,0.548,0.175,2021,NA
Maryland-Baltimore County,20,14,6,0.7,-0.13,-4.78,10,4,1391,1298,483,1099,0.439,139,408,0.341,286,402,0.711,730,219,102,35,0.366,0.371,0.539,51.8,45.3,5.1,0.503,0.26,2021,NA
Maryland-Eastern Shore,0,0,0,NA,NA,NA,0,0,NA,NA,NA,NA,NA,NA,NA,NA,NA,NA,NA,NA,NA,NA,NA,NA,NA,NA,NA,NA,NA,NA,NA,2021,NA
Maryland,29,16,13,0.552,15.33,12.86,9,11,1995,1884,699,1533,0.456,234,663,0.353,363,517,0.702,965,385,145,98,0.337,0.432,0.561,49.8,55.1,10.2,0.532,0.237,2021,10
Massachusetts-Lowell,23,11,12,0.478,-5.31,-2.87,7,8,1575,1631,560,1240,0.452,150,433,0.346,305,461,0.662,794,267,115,89,0.372,0.349,0.54,51.1,47.7,10.7,0.512,0.246,2021,NA
Massachusetts,15,8,7,0.533,5.89,2.16,6,4,1151,1095,394,920,0.428,132,405,0.326,231,315,0.733,517,224,110,61,0.342,0.44,0.538,48.2,56.9,9.9,0.5,0.251,2021,NA
McNeese State,24,10,14,0.417,-18.5,-11.61,4,11,1927,1722,718,1456,0.493,204,526,0.388,287,417,0.688,896,443,172,49,0.286,0.361,0.583,53.6,61.7,5.4,0.563,0.197,2021,NA
Memphis,24,16,8,0.667,12.75,3.55,11,4,1730,1509,625,1419,0.44,179,505,0.354,301,485,0.621,957,384,217,117,0.342,0.356,0.524,54.6,61.4,14.2,0.504,0.212,2021,NA
Mercer,29,18,11,0.621,1.75,-1.13,8,9,2225,2082,832,1738,0.479,250,673,0.371,311,433,0.718,1053,479,200,86,0.249,0.387,0.572,52,57.6,7.9,0.551,0.179,2021,NA
Merrimack,18,9,9,0.5,-7.04,-6.66,9,9,1193,1200,434,967,0.449,126,398,0.317,199,300,0.663,556,216,144,68,0.31,0.412,0.538,45.3,49.8,10.1,0.514,0.206,2021,NA
Miami (FL),27,10,17,0.37,4.13,8.65,4,15,1794,1916,647,1524,0.425,150,508,0.295,350,500,0.7,944,305,179,104,0.328,0.333,0.509,50.2,47.1,10.9,0.474,0.23,2021,NA
Miami (OH),23,12,11,0.522,-1.91,-1.96,9,8,1663,1647,598,1370,0.436,197,541,0.364,270,348,0.776,797,278,103,58,0.254,0.395,0.542,49.6,46.5,7.4,0.508,0.197,2021,NA
Michigan State,27,15,12,0.556,11.02,12.54,9,11,1864,1905,668,1574,0.424,172,537,0.32,356,494,0.721,1015,428,123,126,0.314,0.341,0.515,52.3,64.1,12.3,0.479,0.226,2021,11
Michigan,24,20,4,0.833,23.37,12.5,14,3,1830,1569,668,1382,0.483,181,468,0.387,311,400,0.778,899,371,106,103,0.289,0.339,0.582,54.5,55.5,10.6,0.549,0.225,2021,1
Middle Tennessee,23,5,18,0.217,-10.57,-0.57,3,13,1426,1627,511,1323,0.386,171,528,0.324,233,340,0.685,768,229,164,52,0.257,0.399,0.48,48.2,44.8,6.1,0.451,0.176,2021,NA
Milwaukee,22,10,12,0.455,-6.88,-6.16,7,10,1662,1678,588,1348,0.436,159,484,0.329,327,447,0.732,770,285,134,47,0.332,0.359,0.533,48.1,48.5,6,0.495,0.243,2021,NA
Minnesota,29,14,15,0.483,12.06,12.75,6,14,2103,2123,704,1794,0.392,207,730,0.284,488,659,0.741,1067,399,183,134,0.367,0.407,0.499,48,56.7,11.4,0.45,0.272,2021,NA
Mississippi State,29,15,14,0.517,8.95,6.71,8,10,1997,1932,747,1658,0.451,151,451,0.335,352,545,0.646,1139,375,181,136,0.329,0.272,0.521,55,50.2,13.5,0.496,0.212,2021,NA
Mississippi Valley State,24,2,22,0.083,-38.55,-8.01,2,13,1364,2097,480,1347,0.356,214,651,0.329,190,332,0.572,749,264,110,71,0.246,0.483,0.453,40.8,55,7,0.436,0.141,2021,NA
Mississippi,27,16,11,0.593,12.02,6.32,10,8,1866,1712,678,1533,0.442,141,471,0.299,369,527,0.7,987,331,207,107,0.344,0.307,0.523,53.4,48.8,11.8,0.488,0.241,2021,NA
Missouri-Kansas City,24,11,13,0.458,-5.37,-3.12,7,7,1683,1502,642,1292,0.497,149,407,0.366,250,379,0.66,730,355,190,50,0.293,0.315,0.572,50.3,55.3,7.1,0.555,0.193,2021,NA
Missouri State,24,17,7,0.708,5.25,0.07,12,6,1762,1594,637,1332,0.478,180,515,0.35,308,415,0.742,887,325,112,69,0.312,0.387,0.576,53.6,51,7.5,0.546,0.231,2021,NA
Missouri,25,16,9,0.64,12.73,11.01,8,8,1841,1798,646,1439,0.449,173,540,0.32,376,539,0.698,892,330,168,88,0.375,0.375,0.543,50.2,51.1,9,0.509,0.261,2021,9
Monmouth,20,12,8,0.6,-5.19,-6.94,12,6,1521,1486,518,1226,0.423,154,424,0.363,331,468,0.707,749,280,166,70,0.382,0.346,0.525,48.6,54.1,9.8,0.485,0.27,2021,NA
Montana State,23,13,10,0.565,-6.97,-5.97,8,6,1703,1655,586,1298,0.451,142,431,0.329,389,515,0.755,777,254,129,52,0.397,0.332,0.552,50.7,43.3,6.6,0.506,0.3,2021,NA
Montana,28,15,13,0.536,-5.12,-3.03,7,9,1981,1876,697,1514,0.46,154,425,0.362,433,554,0.782,927,356,137,72,0.366,0.281,0.557,50.2,51.1,7,0.511,0.286,2021,NA
Morehead State,30,23,7,0.767,-0.45,-4.55,17,3,2065,1902,738,1601,0.461,197,562,0.351,392,575,0.682,1125,382,132,150,0.359,0.351,0.551,54.8,51.8,14.7,0.522,0.245,2021,14
Morgan State,22,14,8,0.636,-5.45,-10.13,7,5,1755,1606,602,1389,0.433,182,530,0.343,369,499,0.739,873,326,173,82,0.359,0.382,0.54,52.4,54.2,11,0.499,0.266,2021,NA
Mount St. Mary's,22,12,10,0.545,-3.36,-4.77,9,7,1402,1371,508,1192,0.426,146,433,0.337,240,354,0.678,821,257,97,91,0.297,0.363,0.515,53.9,50.6,10.9,0.487,0.201,2021,NA
Murray State,26,13,13,0.5,-2.47,-7.8,10,10,1986,1739,757,1522,0.497,212,576,0.368,260,387,0.672,939,435,175,91,0.254,0.378,0.582,53,57.5,10.4,0.567,0.171,2021,NA
Navy,18,15,3,0.833,4.53,0.03,12,1,1287,1206,466,1042,0.447,111,340,0.326,244,344,0.709,631,222,147,43,0.33,0.326,0.534,52.6,47.6,7.4,0.5,0.234,2021,NA
Omaha,25,5,20,0.2,-13.17,-2.53,3,11,1683,1949,625,1494,0.418,133,397,0.335,300,436,0.688,853,236,141,75,0.292,0.266,0.495,47.5,37.8,7.8,0.463,0.201,2021,NA
Nebraska,27,7,20,0.259,7.1,13.29,3,16,1889,2004,671,1604,0.418,228,684,0.333,319,499,0.639,979,369,193,88,0.311,0.426,0.513,47.7,55,9.6,0.489,0.199,2021,NA
Nevada-Las Vegas,27,12,15,0.444,-1.34,1.14,8,10,1875,1822,706,1587,0.445,225,639,0.352,238,336,0.708,973,356,172,76,0.212,0.403,0.537,52.7,50.4,9.1,0.516,0.15,2021,NA
Nevada,26,16,10,0.615,5.29,2.01,8,7,1916,1812,646,1445,0.447,201,567,0.354,423,560,0.755,928,374,145,77,0.388,0.392,0.56,50.8,57.9,9.5,0.517,0.293,2021,NA
New Hampshire,19,10,9,0.526,-7.33,-5.83,9,6,1278,1266,452,1124,0.402,129,405,0.319,245,358,0.684,706,213,104,55,0.319,0.36,0.494,51.5,47.1,8.4,0.46,0.218,2021,NA
New Mexico State,20,12,8,0.6,-2.28,-6.16,7,6,1422,1283,492,1156,0.426,175,553,0.316,263,361,0.729,722,249,100,48,0.312,0.478,0.536,54.2,50.6,7.2,0.501,0.228,2021,NA
New Mexico,22,6,16,0.273,-12.42,-1.77,1,8,1436,1578,538,1303,0.413,105,382,0.275,255,426,0.599,839,277,126,87,0.327,0.293,0.477,52.1,51.5,12,0.453,0.196,2021,NA
New Orleans,25,10,15,0.4,-11.07,-9.91,8,7,1899,1910,703,1476,0.476,137,417,0.329,356,483,0.737,880,391,190,70,0.327,0.283,0.557,49.9,55.6,6.9,0.523,0.241,2021,NA
Niagara,20,9,11,0.45,-6.84,-6.29,7,9,1293,1304,448,1099,0.408,128,409,0.313,269,380,0.708,631,236,117,39,0.346,0.372,0.505,46.6,52.7,6.2,0.466,0.245,2021,NA
Nicholls State,25,18,7,0.72,-5.65,-9.15,14,2,1960,1831,734,1611,0.456,194,605,0.321,298,446,0.668,952,336,228,83,0.277,0.376,0.538,50.2,45.8,8.6,0.516,0.185,2021,NA
NJIT,19,7,12,0.368,-8.99,-4.94,6,10,1256,1333,440,1088,0.404,119,390,0.305,257,372,0.691,596,181,127,42,0.342,0.358,0.497,45.7,41.1,6.2,0.459,0.236,2021,NA
Norfolk State,23,16,7,0.696,-4.84,-9.41,8,4,1730,1591,591,1357,0.436,180,489,0.368,368,521,0.706,850,282,146,76,0.384,0.36,0.539,50.6,47.7,10.6,0.502,0.271,2021,16
North Alabama,24,13,11,0.542,-9.86,-6.11,7,8,1756,1666,624,1457,0.428,192,569,0.337,316,424,0.745,936,272,141,77,0.291,0.391,0.529,52.7,43.6,9.7,0.494,0.217,2021,NA
North Carolina-Asheville,20,10,10,0.5,-6.45,-7.05,9,5,1468,1456,548,1151,0.476,161,450,0.358,211,348,0.606,669,254,140,87,0.302,0.391,0.558,47.2,46.4,10.6,0.546,0.183,2021,NA
North Carolina A&T,21,11,10,0.524,-13.84,-7.63,7,1,1517,1523,536,1273,0.421,137,429,0.319,308,468,0.658,736,285,183,56,0.368,0.337,0.507,46.4,53.2,7.2,0.475,0.242,2021,NA
North Carolina Central,14,5,9,0.357,-15.34,-8.11,3,5,942,1003,333,791,0.421,95,280,0.339,181,261,0.693,458,169,102,39,0.33,0.354,0.515,46.7,50.8,7.9,0.481,0.229,2021,NA
North Carolina-Greensboro,29,21,8,0.724,3.88,-2.29,13,5,2135,1956,803,1894,0.424,221,736,0.3,308,451,0.683,1142,356,217,114,0.238,0.389,0.506,52,44.3,12.3,0.482,0.163,2021,13
North Carolina State,23,13,10,0.565,10.17,7.21,9,8,1684,1616,616,1316,0.468,155,426,0.364,297,422,0.704,747,299,192,104,0.321,0.324,0.555,48.7,48.5,12.2,0.527,0.226,2021,NA
North Carolina-Wilmington,17,7,10,0.412,-6.07,-5.69,1,6,1297,1253,442,1011,0.437,128,371,0.345,285,372,0.766,548,206,103,60,0.368,0.367,0.546,47.5,46.6,8.6,0.5,0.282,2021,NA
North Carolina,28,18,10,0.643,16.3,10.01,10,6,2119,1943,776,1761,0.441,157,496,0.317,410,614,0.668,1208,433,202,132,0.349,0.282,0.516,57.1,55.8,12.8,0.485,0.233,2021,8
North Dakota State,27,15,12,0.556,-1.17,-3.25,11,5,1883,1827,659,1491,0.442,184,540,0.341,381,501,0.76,998,285,105,69,0.336,0.362,0.545,54.9,43.2,7.1,0.504,0.256,2021,NA
North Dakota,26,9,17,0.346,-10.95,-3.95,8,8,1787,1969,623,1454,0.428,190,564,0.337,351,503,0.698,844,306,134,55,0.346,0.388,0.528,47.6,49.1,5.3,0.494,0.241,2021,NA
North Florida,23,8,15,0.348,-11.2,-4.35,6,6,1601,1725,570,1282,0.445,229,625,0.366,232,325,0.714,751,296,102,76,0.254,0.488,0.557,46.9,51.9,7.7,0.534,0.181,2021,NA
North Texas,26,17,9,0.654,7.4,-0.24,9,5,1815,1592,668,1405,0.475,197,524,0.376,282,384,0.734,867,347,176,77,0.273,0.373,0.572,52.1,51.9,8.5,0.546,0.201,2021,13
Northeastern,19,10,9,0.526,-0.24,0.86,8,2,1277,1298,457,1044,0.438,162,458,0.354,201,271,0.742,623,234,119,44,0.26,0.439,0.544,48,51.2,5.8,0.515,0.193,2021,NA
Northern Arizona,22,6,16,0.273,-14.22,-2.86,4,10,1390,1640,505,1197,0.422,139,397,0.35,241,364,0.662,628,238,120,34,0.304,0.332,0.507,45.7,47.1,5.2,0.48,0.201,2021,NA
Northern Colorado,22,11,11,0.5,-8.03,-5.56,6,8,1551,1519,549,1221,0.45,199,528,0.377,254,381,0.667,758,242,95,59,0.312,0.432,0.553,52.2,44.1,6.1,0.531,0.208,2021,NA
Northern Illinois,19,3,16,0.158,-17.02,-1.92,2,12,1184,1471,456,1143,0.399,104,321,0.324,168,273,0.615,684,204,110,65,0.239,0.281,0.465,49.3,44.7,10.1,0.444,0.147,2021,NA
Northern Iowa,25,10,15,0.4,-1.65,2.53,7,11,1738,1779,647,1461,0.443,186,572,0.325,258,378,0.683,894,329,161,64,0.259,0.392,0.53,51.6,50.9,7.7,0.507,0.177,2021,NA
Northern Kentucky,25,14,11,0.56,-5.95,-6.07,11,7,1784,1781,658,1477,0.445,179,584,0.307,289,410,0.705,872,295,161,41,0.278,0.395,0.534,50.8,44.8,4.6,0.506,0.196,2021,NA
Northwestern State,29,11,18,0.379,-13.76,-5.22,9,7,2106,2312,770,1788,0.431,210,603,0.348,356,530,0.672,1029,376,202,85,0.296,0.337,0.516,47.3,48.8,7.3,0.489,0.199,2021,NA
Northwestern,24,9,15,0.375,10.88,12.92,6,13,1686,1681,607,1401,0.433,200,566,0.353,272,379,0.718,808,352,148,63,0.271,0.404,0.533,48.4,58,8,0.505,0.194,2021,NA
Notre Dame,26,11,15,0.423,8.74,10.4,7,11,1890,1933,679,1479,0.459,236,642,0.368,296,383,0.773,868,387,110,102,0.259,0.434,0.569,47.7,57,9.6,0.539,0.2,2021,NA
Oakland,30,12,18,0.4,-8.44,-1.91,10,10,2240,2436,773,1855,0.417,259,778,0.333,435,616,0.706,1054,444,248,56,0.332,0.419,0.522,47.5,57.4,5,0.487,0.235,2021,NA
Ohio State,30,21,9,0.7,19.95,13.58,12,8,2320,2129,790,1719,0.46,247,677,0.365,493,646,0.763,1086,391,138,103,0.376,0.394,0.573,51.8,49.5,9.5,0.531,0.287,2021,2
Ohio,23,16,7,0.696,5.89,-1.16,9,5,1860,1685,686,1403,0.489,195,540,0.361,293,418,0.701,801,412,156,49,0.298,0.385,0.581,50.9,60.1,6,0.558,0.209,2021,13
Oklahoma State,28,20,8,0.714,14.14,9.97,11,7,2158,2041,775,1658,0.467,179,529,0.338,429,602,0.713,1081,370,204,123,0.363,0.319,0.555,52.1,47.7,11.1,0.521,0.259,2021,4
Oklahoma,25,15,10,0.6,13.73,8.21,9,8,1869,1731,670,1517,0.442,200,591,0.338,329,442,0.744,907,335,184,86,0.291,0.39,0.541,50,50,9.2,0.508,0.217,2021,8
Old Dominion,23,15,8,0.652,-0.73,-0.5,11,5,1571,1556,586,1307,0.448,113,392,0.288,286,413,0.692,826,278,172,86,0.316,0.3,0.523,51.5,47.4,11.5,0.492,0.219,2021,NA
Oral Roberts,26,16,10,0.615,-0.76,-2.58,10,5,2126,1970,734,1617,0.454,294,753,0.39,364,442,0.824,915,329,166,106,0.273,0.466,0.582,47.5,44.8,9.6,0.545,0.225,2021,15
Oregon State,29,17,12,0.586,7.55,7.69,10,10,2049,1981,712,1637,0.435,203,575,0.353,422,557,0.758,977,426,176,96,0.34,0.351,0.539,50.2,59.8,9.9,0.497,0.258,2021,12
Oregon,26,20,6,0.769,13.62,6.66,14,4,1934,1753,715,1515,0.472,218,575,0.379,286,406,0.704,859,349,194,94,0.268,0.38,0.566,50.7,48.8,10.7,0.544,0.189,2021,7
Pacific,18,9,9,0.5,1.6,4.19,6,7,1256,1272,479,1093,0.438,93,311,0.299,205,302,0.679,622,233,116,61,0.276,0.285,0.508,51.7,48.6,10.3,0.481,0.188,2021,NA
Penn State,25,11,14,0.44,14.73,15.09,7,12,1816,1825,637,1562,0.408,221,654,0.338,321,435,0.738,913,335,198,59,0.278,0.419,0.513,51.8,52.6,6.9,0.479,0.206,2021,NA
Pennsylvania,0,0,0,NA,NA,NA,0,0,NA,NA,NA,NA,NA,NA,NA,NA,NA,NA,NA,NA,NA,NA,NA,NA,NA,NA,NA,NA,NA,NA,NA,2021,NA
Pepperdine,24,12,12,0.5,3.61,5.07,7,6,1830,1790,650,1425,0.456,168,521,0.322,362,464,0.78,834,381,151,70,0.326,0.366,0.556,49.1,58.6,7.7,0.515,0.254,2021,NA
Pittsburgh,22,10,12,0.455,8.77,7.73,6,10,1566,1543,554,1283,0.432,144,426,0.338,314,473,0.664,843,321,133,83,0.369,0.332,0.519,53.6,57.9,11.2,0.488,0.245,2021,NA
Portland State,22,9,13,0.409,-7.88,-6.22,6,8,1512,1463,532,1335,0.399,152,517,0.294,296,437,0.677,832,247,182,66,0.327,0.387,0.49,52.2,46.4,8.7,0.455,0.222,2021,NA
Portland,21,6,15,0.286,-13.99,3.67,0,11,1459,1748,488,1187,0.411,153,451,0.339,330,426,0.775,600,250,132,61,0.359,0.38,0.525,42.4,51.2,7.9,0.476,0.278,2021,NA
Prairie View,21,16,5,0.762,-8.49,-15.54,13,0,1497,1349,567,1265,0.448,139,457,0.304,224,342,0.655,739,333,202,89,0.27,0.361,0.524,49.4,58.7,12.2,0.503,0.177,2021,NA
Presbyterian,22,7,15,0.318,-13.41,-8.46,5,12,1411,1476,499,1199,0.416,128,418,0.306,285,416,0.685,739,235,154,49,0.347,0.349,0.505,51.2,47.1,6.9,0.47,0.238,2021,NA
Princeton,0,0,0,NA,NA,NA,0,0,NA,NA,NA,NA,NA,NA,NA,NA,NA,NA,NA,NA,NA,NA,NA,NA,NA,NA,NA,NA,NA,NA,NA,2021,NA
Providence,26,13,13,0.5,9.93,9.81,9,10,1816,1813,657,1529,0.43,164,513,0.32,338,483,0.7,928,350,147,78,0.316,0.336,0.516,49.5,53.3,7.7,0.483,0.221,2021,NA
Purdue,27,18,9,0.667,17.29,12.47,13,6,1920,1790,689,1527,0.451,192,573,0.335,350,492,0.711,1015,386,140,92,0.322,0.375,0.545,54.5,56,11.2,0.514,0.229,2021,4
Quinnipiac,22,9,13,0.409,-8.32,-6.82,7,10,1485,1518,505,1258,0.401,169,522,0.324,306,445,0.688,793,279,123,100,0.354,0.415,0.505,47.6,55.2,11.2,0.469,0.243,2021,NA
Radford,27,15,12,0.556,-5.6,-6,12,6,1826,1745,644,1408,0.457,158,504,0.313,380,558,0.681,999,301,164,48,0.396,0.358,0.546,55.9,46.7,5.3,0.513,0.27,2021,NA
Rhode Island,25,10,15,0.4,6.08,5.72,7,10,1786,1777,635,1436,0.442,143,458,0.312,373,558,0.668,962,303,164,114,0.389,0.319,0.525,52.3,47.7,12.2,0.492,0.26,2021,NA
Rice,28,15,13,0.536,-3.76,-1.52,6,10,2068,2062,731,1660,0.44,286,800,0.358,320,438,0.731,1036,424,153,60,0.264,0.482,0.554,51.3,58,5.2,0.527,0.193,2021,NA
Richmond,21,13,8,0.619,9.55,5.55,6,5,1574,1453,575,1213,0.474,156,441,0.354,268,367,0.73,635,305,186,44,0.303,0.364,0.567,46.4,53,5.8,0.538,0.221,2021,NA
Rider,23,6,17,0.261,-11.55,-5.07,5,13,1553,1702,564,1318,0.428,145,411,0.353,280,382,0.733,765,284,117,47,0.29,0.312,0.518,49.4,50.4,6,0.483,0.212,2021,NA
Robert Morris,19,4,15,0.211,-12.37,-4.7,3,12,1374,1494,518,1169,0.443,142,394,0.36,196,299,0.656,646,299,124,57,0.256,0.337,0.524,47.5,57.7,8.1,0.504,0.168,2021,NA
Rutgers,26,15,11,0.577,15.18,13.45,10,10,1819,1774,696,1544,0.451,157,505,0.311,270,427,0.632,918,359,203,136,0.277,0.327,0.521,49.2,51.6,14.1,0.502,0.175,2021,10
Sacramento State,20,8,12,0.4,-9.08,-4.97,5,9,1443,1442,531,1157,0.459,133,362,0.367,248,365,0.679,627,255,138,45,0.315,0.313,0.542,48.9,48,6.4,0.516,0.214,2021,NA
Sacred Heart,18,9,9,0.5,-10.23,-5.51,9,7,1265,1350,431,1046,0.412,143,434,0.329,260,351,0.741,647,241,88,38,0.336,0.415,0.522,48.9,55.9,5.1,0.48,0.249,2021,NA
Saint Francis (PA),22,6,16,0.273,-8.47,-3.97,5,13,1515,1614,541,1266,0.427,129,417,0.309,304,426,0.714,779,282,127,47,0.336,0.329,0.516,49.8,52.1,5.9,0.478,0.24,2021,NA
Saint Joseph's,20,5,15,0.25,-3.54,6.91,3,9,1443,1652,506,1238,0.409,191,609,0.314,240,331,0.725,675,287,120,36,0.267,0.492,0.517,44.9,56.7,4.5,0.486,0.194,2021,NA
Saint Louis,20,14,6,0.7,12.95,2.6,6,4,1507,1300,559,1205,0.464,131,372,0.352,258,367,0.703,774,353,141,63,0.305,0.309,0.546,56.8,63.1,9.7,0.518,0.214,2021,NA
Saint Mary's (CA),23,14,9,0.609,7.47,5.69,4,6,1475,1434,538,1279,0.421,141,482,0.293,258,354,0.729,792,241,142,72,0.277,0.377,0.51,52,44.8,8,0.476,0.202,2021,16
Saint Peter's,25,14,11,0.56,-4.66,-6.38,10,8,1580,1537,555,1386,0.4,154,477,0.323,316,453,0.698,926,293,201,133,0.327,0.344,0.493,51.3,52.8,16,0.456,0.228,2021,NA
Sam Houston State,28,19,9,0.679,-3.44,-5.02,13,3,2229,1969,797,1758,0.453,255,715,0.357,380,549,0.692,1033,435,237,88,0.312,0.407,0.552,49.7,54.6,8.7,0.526,0.216,2021,NA
Samford,19,6,13,0.316,-8.54,-1.24,2,9,1460,1510,541,1218,0.444,151,484,0.312,227,331,0.686,755,283,129,47,0.272,0.397,0.531,52.4,52.3,8.1,0.506,0.186,2021,NA
San Diego State,27,23,4,0.852,14.63,2.2,14,3,2000,1635,695,1529,0.455,229,611,0.375,381,527,0.723,970,374,223,77,0.345,0.4,0.562,53,53.8,10,0.529,0.249,2021,6
San Diego,14,3,11,0.214,-6.49,4.36,2,7,927,1079,352,847,0.416,82,270,0.304,141,217,0.65,469,185,94,48,0.256,0.319,0.488,46.2,52.6,8.5,0.464,0.166,2021,NA
San Francisco,25,11,14,0.44,5.16,3,4,9,1786,1732,647,1514,0.427,259,760,0.341,233,325,0.717,833,295,179,81,0.215,0.502,0.535,48.7,45.6,8.4,0.513,0.154,2021,NA
San Jose State,21,5,16,0.238,-17.6,0.98,2,12,1381,1710,493,1257,0.392,157,494,0.318,238,364,0.654,722,213,99,57,0.29,0.393,0.483,43.4,43.2,6.7,0.455,0.189,2021,NA
Santa Clara,20,12,8,0.6,-1.26,0.95,4,5,1393,1412,486,1121,0.434,110,359,0.306,311,455,0.684,729,240,88,78,0.406,0.32,0.521,50.2,49.4,10.1,0.483,0.277,2021,NA
Seattle,23,12,11,0.522,-6.66,-4.92,4,5,1677,1578,593,1426,0.416,186,593,0.314,305,416,0.733,776,264,151,80,0.292,0.416,0.516,47.2,44.5,9.9,0.481,0.214,2021,NA
Seton Hall,27,14,13,0.519,12.04,10.45,10,9,1924,1881,673,1525,0.441,180,561,0.321,398,544,0.732,941,347,170,118,0.357,0.368,0.539,50.1,51.6,11.4,0.5,0.261,2021,NA
Siena,17,12,5,0.706,-3.29,-7.88,12,4,1149,1071,411,894,0.46,108,314,0.344,219,333,0.658,594,215,94,56,0.372,0.351,0.546,51.7,52.3,8.4,0.52,0.245,2021,NA
South Alabama,28,17,11,0.607,-5.66,-5.49,10,7,2075,1985,715,1621,0.441,256,707,0.362,389,542,0.718,996,314,200,91,0.334,0.436,0.552,48.4,43.9,11,0.52,0.24,2021,NA
South Carolina State,18,1,17,0.056,-24.36,-7.03,1,7,1102,1414,401,1033,0.388,123,388,0.317,177,285,0.621,563,178,106,50,0.276,0.376,0.472,44.6,44.4,7.6,0.448,0.171,2021,NA
South Carolina Upstate,23,5,18,0.217,-13.13,-4.63,5,11,1515,1712,538,1269,0.424,171,508,0.337,268,372,0.72,717,276,143,57,0.293,0.4,0.524,46.5,51.3,7.1,0.491,0.211,2021,NA
South Carolina,21,6,15,0.286,3.79,10.41,4,12,1523,1662,566,1364,0.415,142,466,0.305,249,381,0.654,755,280,176,77,0.279,0.342,0.493,48.7,49.5,10,0.467,0.183,2021,NA
South Dakota State,23,16,7,0.696,2.63,-2.69,9,3,1850,1690,655,1315,0.498,185,458,0.404,355,496,0.716,822,327,127,71,0.377,0.348,0.597,53.5,49.9,8.5,0.568,0.27,2021,NA
South Dakota,25,14,11,0.56,-1.81,-4.06,11,4,1899,1805,674,1438,0.469,186,478,0.389,365,468,0.78,870,349,114,61,0.325,0.332,0.572,50.5,51.8,6.9,0.533,0.254,2021,NA
South Florida,22,9,13,0.409,0.1,6.39,4,10,1449,1571,516,1277,0.404,138,422,0.327,279,438,0.637,831,251,116,62,0.343,0.33,0.488,52.8,48.6,8.6,0.458,0.218,2021,NA
Southeast Missouri State,27,11,16,0.407,-9.83,-7.16,9,11,1864,1936,630,1468,0.429,205,582,0.352,399,595,0.671,949,374,185,64,0.405,0.396,0.532,51.6,59.4,6.7,0.499,0.272,2021,NA
Southeastern Louisiana,26,8,18,0.308,-17.62,-8.24,5,11,1775,2019,591,1498,0.395,177,607,0.292,416,614,0.678,887,261,180,64,0.41,0.405,0.496,48.5,44.2,7.3,0.454,0.278,2021,NA
Southern California,29,22,7,0.759,17.27,7.61,15,5,2168,1888,788,1687,0.467,183,526,0.348,409,632,0.647,1145,396,139,153,0.375,0.312,0.545,55,50.3,13.6,0.521,0.242,2021,6
SIU Edwardsville,26,9,17,0.346,-14.53,-5.61,7,12,1709,1897,619,1403,0.441,156,490,0.318,315,463,0.68,852,337,153,121,0.33,0.349,0.527,48.4,54.4,13.1,0.497,0.225,2021,NA
Southern Illinois,26,12,14,0.462,-3.48,0.8,5,13,1704,1770,614,1362,0.451,210,560,0.375,266,400,0.665,772,352,160,48,0.294,0.411,0.549,46.5,57.3,5.6,0.528,0.195,2021,NA
Southern Methodist,16,11,5,0.688,11.14,4.14,7,4,1185,1073,425,943,0.451,120,354,0.339,215,295,0.729,596,241,99,72,0.313,0.375,0.547,51.4,56.7,12.7,0.514,0.228,2021,NA
Southern Mississippi,25,8,17,0.32,-6.88,-2.1,4,13,1605,1668,603,1396,0.432,134,421,0.318,265,392,0.676,878,302,148,52,0.281,0.302,0.507,50.8,50.1,6.7,0.48,0.19,2021,NA
Southern Utah,24,20,4,0.833,-0.7,-7.02,12,2,2021,1669,699,1475,0.474,211,618,0.341,412,551,0.748,946,338,168,63,0.374,0.419,0.582,55.5,48.4,7.2,0.545,0.279,2021,NA
Southern,19,8,11,0.421,-13.71,-13.28,8,6,1327,1335,465,1077,0.432,104,322,0.323,293,436,0.672,690,267,155,49,0.405,0.299,0.517,51.5,57.4,6.6,0.48,0.272,2021,NA
St. Bonaventure,20,16,4,0.8,15.15,5,11,4,1410,1207,521,1161,0.449,131,370,0.354,237,323,0.734,745,296,120,78,0.278,0.319,0.536,53.1,56.8,12.4,0.505,0.204,2021,9
St. Francis (NY),19,9,10,0.474,-8.26,-6.42,9,9,1476,1511,542,1215,0.446,118,356,0.331,274,373,0.735,688,271,153,66,0.307,0.293,0.53,49.4,50,8.9,0.495,0.226,2021,NA
St. John's (NY),27,16,11,0.593,10.27,8.05,10,9,2132,2072,779,1744,0.447,200,581,0.344,374,499,0.749,971,440,246,105,0.286,0.333,0.538,48.7,56.5,10.2,0.504,0.214,2021,NA
Stanford,27,14,13,0.519,8.11,7.96,10,10,1883,1879,678,1461,0.464,145,451,0.322,382,533,0.717,905,332,191,92,0.365,0.309,0.549,50,49,9.5,0.514,0.261,2021,NA
Stephen F. Austin,21,16,5,0.762,-1.87,-8.71,13,3,1686,1484,622,1195,0.521,100,297,0.337,342,503,0.68,749,331,199,73,0.421,0.249,0.588,55.4,53.2,10,0.562,0.286,2021,NA
Stetson,25,11,14,0.44,-7.38,-4.57,7,9,1800,1767,642,1470,0.437,236,622,0.379,280,401,0.698,870,351,178,68,0.273,0.423,0.542,50.8,54.7,7.7,0.517,0.19,2021,NA
Stony Brook,23,9,14,0.391,-5.27,-3.86,7,9,1522,1509,543,1318,0.412,140,473,0.296,296,434,0.682,875,278,129,114,0.329,0.359,0.499,51.7,51.2,14.5,0.465,0.225,2021,NA
Syracuse,25,16,9,0.64,13.75,8.63,9,7,1896,1768,676,1534,0.441,203,601,0.338,341,435,0.784,897,382,218,123,0.284,0.392,0.545,48.7,56.5,14.4,0.507,0.222,2021,11
Tarleton State,20,10,10,0.5,-8.17,-3.91,5,7,1467,1246,530,1129,0.469,110,291,0.378,297,412,0.721,639,294,209,53,0.365,0.258,0.554,48.7,55.5,10,0.518,0.263,2021,NA
Temple,16,5,11,0.313,2.77,5.77,4,10,1053,1101,348,868,0.401,115,336,0.342,242,338,0.716,580,214,67,39,0.389,0.387,0.512,49.5,61.5,6.7,0.467,0.279,2021,NA
Tennessee-Martin,24,8,16,0.333,-19.02,-5.49,6,14,1571,1847,556,1393,0.399,165,495,0.333,294,409,0.719,775,289,172,62,0.294,0.355,0.495,46.7,52,8,0.458,0.211,2021,NA
Tennessee State,23,4,19,0.174,-13.65,-6.79,3,17,1573,1702,568,1342,0.423,138,480,0.288,299,438,0.683,775,268,170,73,0.326,0.358,0.507,46.9,47.2,8.9,0.475,0.223,2021,NA
Tennessee Tech,27,5,22,0.185,-13.63,-3.34,5,15,1797,2075,656,1517,0.432,208,648,0.321,277,410,0.676,908,380,176,62,0.27,0.427,0.525,49.4,57.9,6.2,0.501,0.183,2021,6
Tennessee,26,18,8,0.692,18.06,8.79,10,7,1885,1644,661,1491,0.443,173,512,0.338,390,523,0.746,934,391,188,128,0.351,0.343,0.542,51.6,59.2,14.4,0.501,0.262,2021,5
Texas A&M-Corpus Christi,24,5,19,0.208,-16.95,-6.29,2,13,1554,1716,542,1296,0.418,153,464,0.33,317,463,0.685,816,308,165,74,0.357,0.358,0.513,48.4,56.8,8.1,0.477,0.245,2021,NA
Texas A&M,18,8,10,0.444,2.31,4.97,2,8,1157,1205,401,966,0.415,117,391,0.299,238,328,0.726,602,218,124,34,0.34,0.405,0.516,50.9,54.4,6.7,0.476,0.246,2021,NA
Texas-Arlington,26,13,13,0.5,-7.2,-4.55,9,8,1916,1827,677,1658,0.408,235,659,0.357,327,444,0.736,974,353,214,122,0.268,0.397,0.513,48.9,52.1,12.2,0.479,0.197,2021,NA
Texas Christian,26,12,14,0.462,2.83,7.21,5,11,1738,1852,625,1428,0.438,175,518,0.338,311,463,0.672,900,338,157,91,0.324,0.363,0.527,50.2,54.1,9.1,0.499,0.218,2021,NA
Texas-El Paso,24,12,12,0.5,0.9,1.09,8,8,1698,1644,608,1432,0.425,171,524,0.326,311,416,0.748,828,285,150,67,0.291,0.366,0.521,49.4,46.9,7.5,0.484,0.217,2021,NA
Texas-Rio Grande Valley,19,9,10,0.474,-10.22,-5.82,2,5,1376,1287,476,1164,0.409,126,429,0.294,298,468,0.637,743,289,169,81,0.402,0.369,0.496,49.5,60.7,11.2,0.463,0.256,2021,NA
Texas-San Antonio,26,15,11,0.577,-1.41,-0.36,9,7,2050,1906,768,1717,0.447,209,625,0.334,305,401,0.761,1001,383,161,83,0.234,0.364,0.537,51.3,49.9,8.8,0.508,0.178,2021,NA
Texas Southern,24,16,8,0.667,-7.48,-10.96,10,3,1795,1672,650,1443,0.45,110,398,0.276,385,551,0.699,998,298,172,111,0.382,0.276,0.526,53.9,45.8,12.4,0.489,0.267,2021,16
Texas State,25,18,7,0.72,-3.93,-7.45,12,3,1660,1543,629,1359,0.463,139,366,0.38,263,372,0.707,821,331,171,73,0.274,0.269,0.54,52.4,52.6,9.6,0.514,0.194,2021,NA
Texas Tech,27,17,10,0.63,16.54,6.91,9,8,1972,1712,686,1549,0.443,168,485,0.346,432,608,0.711,948,350,196,110,0.393,0.313,0.537,51.5,51,12.6,0.497,0.279,2021,6
Texas,26,19,7,0.731,16.24,9.81,11,6,1956,1789,684,1506,0.454,225,631,0.357,363,513,0.708,1005,341,170,101,0.341,0.419,0.559,53,49.9,10,0.529,0.241,2021,3
Toledo,29,21,8,0.724,7.62,-1.48,15,4,2367,2103,829,1811,0.458,308,817,0.377,401,515,0.779,1097,465,177,71,0.284,0.451,0.576,50.3,56.1,6.4,0.543,0.221,2021,NA
Towson,18,4,14,0.222,-9.02,-1.52,3,9,1214,1349,434,1055,0.411,90,311,0.289,256,352,0.727,666,170,90,50,0.334,0.295,0.497,51.5,39.2,7.9,0.454,0.243,2021,NA
Troy,28,11,17,0.393,-11.63,-3.63,4,12,1829,1942,636,1596,0.398,171,619,0.276,386,555,0.695,1056,320,175,87,0.348,0.388,0.492,51.2,50.3,8.7,0.452,0.242,2021,NA
Tulane,23,10,13,0.435,1.04,3.6,4,12,1470,1529,486,1269,0.383,151,507,0.298,347,465,0.746,752,269,172,71,0.366,0.4,0.493,45.8,55.3,9.7,0.442,0.273,2021,NA
Tulsa,23,11,12,0.478,4.22,5.46,7,9,1573,1509,566,1262,0.448,159,504,0.315,282,416,0.678,781,327,146,46,0.33,0.399,0.539,49.2,57.8,6.3,0.511,0.223,2021,NA
UCLA,26,17,9,0.654,12.41,8.06,13,6,1894,1781,686,1485,0.462,173,471,0.367,349,484,0.721,910,354,132,69,0.326,0.317,0.552,53.2,51.6,7.8,0.52,0.235,2021,11
Utah State,28,20,8,0.714,11.25,0.76,13,4,2052,1743,751,1682,0.446,181,538,0.336,369,508,0.726,1142,456,190,136,0.302,0.32,0.533,57.2,60.7,14.6,0.5,0.219,2021,11
Utah Valley,22,11,11,0.5,-4.38,-2.58,9,4,1632,1635,592,1246,0.475,116,335,0.346,332,526,0.631,854,370,115,101,0.422,0.269,0.546,54.5,62.5,11.6,0.522,0.266,2021,NA
Utah,25,12,13,0.48,9.38,7.06,8,11,1803,1745,656,1398,0.469,172,484,0.355,319,403,0.792,782,378,136,85,0.288,0.346,0.567,47.9,57.6,9.2,0.531,0.228,2021,NA
Valparaiso,28,10,18,0.357,-3.91,1.43,7,11,1821,1902,660,1576,0.419,189,635,0.298,312,429,0.727,920,356,183,97,0.272,0.403,0.512,47.1,53.9,9.4,0.479,0.198,2021,NA
Vanderbilt,25,9,16,0.36,6.64,7.24,3,13,1794,1809,609,1416,0.43,233,667,0.349,343,466,0.736,843,318,175,65,0.329,0.471,0.548,49.3,52.2,7.3,0.512,0.242,2021,NA
Vermont,15,10,5,0.667,2.79,-6.81,10,4,1095,951,383,828,0.463,116,337,0.344,213,273,0.78,524,211,75,39,0.33,0.407,0.572,52.9,55.1,8,0.533,0.257,2021,NA
Villanova,22,16,6,0.727,18.08,9.67,11,4,1662,1477,581,1291,0.45,203,576,0.352,297,388,0.765,755,336,117,32,0.301,0.446,0.563,51.1,57.8,4.4,0.529,0.23,2021,5
Virginia Commonwealth,26,19,7,0.731,12.28,5.74,10,4,1864,1694,659,1460,0.451,168,510,0.329,378,497,0.761,890,347,240,140,0.34,0.349,0.55,49.6,52.7,14.8,0.509,0.259,2021,10
VMI,25,13,12,0.52,0.14,-0.23,7,7,2001,1897,706,1517,0.465,270,711,0.38,319,413,0.772,963,393,134,75,0.272,0.469,0.584,51.3,55.7,8,0.554,0.21,2021,NA
Virginia Tech,21,15,6,0.714,13.68,7.06,9,4,1515,1376,534,1183,0.451,173,485,0.357,274,393,0.697,738,302,100,83,0.332,0.41,0.553,52.3,56.6,11.8,0.525,0.232,2021,10
Virginia,24,18,6,0.75,16.66,8.49,13,4,1647,1451,608,1266,0.48,204,535,0.381,227,278,0.817,762,335,118,104,0.22,0.423,0.589,52.1,55.1,13,0.561,0.179,2021,4
Wagner,20,13,7,0.65,-3.37,-5.92,13,5,1425,1374,533,1205,0.442,117,368,0.318,242,337,0.718,713,258,147,51,0.28,0.305,0.522,52.5,48.4,8.2,0.491,0.201,2021,NA
Wake Forest,22,6,16,0.273,2.72,9.05,3,15,1458,1583,501,1222,0.41,195,562,0.347,261,359,0.727,718,252,136,48,0.294,0.46,0.524,48.9,50.3,6.2,0.49,0.214,2021,NA
Washington State,27,14,13,0.519,5.82,4.64,7,12,1853,1821,633,1539,0.411,208,610,0.341,379,534,0.71,1027,328,167,95,0.347,0.396,0.517,52.3,51.8,9,0.479,0.246,2021,NA
Washington,26,5,21,0.192,-0.55,9.18,4,16,1759,2012,641,1513,0.424,197,593,0.332,280,397,0.705,811,280,158,94,0.262,0.392,0.517,44.5,43.7,8.9,0.489,0.185,2021,NA
Weber State,23,17,6,0.739,1.9,-6.45,12,3,1881,1594,656,1300,0.505,193,496,0.389,376,478,0.787,754,345,154,69,0.368,0.382,0.616,51.4,52.6,8,0.579,0.289,2021,NA
West Virginia,27,18,9,0.667,15.86,10.67,11,6,2087,1947,711,1660,0.428,196,549,0.357,469,654,0.717,1030,373,202,77,0.394,0.331,0.53,51.7,52.5,7.6,0.487,0.283,2021,3
Western Carolina,27,11,16,0.407,-6.92,-1.52,4,13,2039,2129,716,1577,0.454,226,662,0.341,381,525,0.726,928,359,133,75,0.333,0.42,0.558,49.6,50.1,7.4,0.526,0.242,2021,NA
Western Illinois,22,7,15,0.318,-12.84,-4.98,5,9,1606,1746,550,1362,0.404,157,497,0.316,349,488,0.715,839,225,116,67,0.358,0.365,0.504,51.1,40.9,7.9,0.461,0.256,2021,NA
Western Kentucky,27,20,7,0.741,5.41,0.18,11,3,1974,1833,685,1512,0.453,171,496,0.345,433,548,0.79,1023,359,178,121,0.362,0.328,0.557,55,52.4,12.5,0.51,0.286,2021,NA
Western Michigan,21,5,16,0.238,-10.61,-0.31,4,12,1325,1511,499,1153,0.433,141,427,0.33,186,291,0.639,710,245,93,42,0.252,0.37,0.513,48.2,49.1,5.3,0.494,0.161,2021,NA
Wichita State,21,16,5,0.762,9.43,6.8,11,2,1520,1416,514,1261,0.408,175,512,0.342,317,460,0.689,799,279,128,75,0.365,0.406,0.514,49,54.3,9.5,0.477,0.251,2021,11
William & Mary,17,7,10,0.412,-10.32,-3.09,4,6,1101,1224,388,948,0.409,98,342,0.287,227,303,0.749,574,183,90,56,0.32,0.361,0.504,48.4,47.2,8.4,0.461,0.239,2021,NA
Winthrop,24,23,1,0.958,5.1,-7.65,17,1,1909,1603,674,1463,0.461,203,575,0.353,358,522,0.686,966,361,186,57,0.357,0.393,0.558,56.3,53.6,6.7,0.53,0.245,2021,12
Wisconsin,29,17,12,0.586,17.82,12.51,10,10,2019,1865,711,1689,0.421,248,689,0.36,349,455,0.767,972,386,170,110,0.269,0.408,0.53,48.8,54.3,10.4,0.494,0.207,2021,9
Wofford,24,15,9,0.625,2.19,0.19,12,5,1784,1627,646,1374,0.47,246,692,0.355,246,349,0.705,829,351,160,48,0.254,0.504,0.579,51.6,54.3,6.1,0.56,0.179,2021,NA
Wright State,24,18,6,0.75,7.73,-6.82,16,4,1967,1618,710,1471,0.483,179,484,0.37,368,508,0.724,1015,369,141,87,0.345,0.329,0.574,56.2,52,8.4,0.544,0.25,2021,NA
Wyoming,25,14,11,0.56,-1.48,-2.56,5,9,1915,1888,649,1442,0.45,251,704,0.357,366,509,0.719,816,351,145,54,0.353,0.488,0.569,47,54.1,5.4,0.537,0.254,2021,NA
Xavier,21,13,8,0.619,11.95,7.33,6,7,1571,1474,589,1285,0.458,162,498,0.325,231,333,0.694,792,369,145,85,0.259,0.388,0.544,50.8,62.6,10.3,0.521,0.18,2021,NA
Yale,0,0,0,NA,NA,NA,0,0,NA,NA,NA,NA,NA,NA,NA,NA,NA,NA,NA,NA,NA,NA,NA,NA,NA,NA,NA,NA,NA,NA,NA,2021,NA
Youngstown State,27,15,12,0.556,-8.94,-7.33,9,11,2010,1950,717,1672,0.429,186,606,0.307,390,537,0.726,991,349,163,44,0.321,0.362,0.522,51.3,48.7,4.6,0.484,0.233,2021,NA